heuristica,n,m,replicacao,tempo,iteracoes,valor,parametro
primeiramelhora,32,10,1,0.101,1714,160,NA
primeiramelhora,32,10,2,0.032,490,172,NA
primeiramelhora,32,10,3,0.116,2065,161,NA
primeiramelhora,32,10,4,0.045,758,182,NA
primeiramelhora,32,10,5,0.082,1417,157,NA
primeiramelhora,32,10,6,0.043,667,198,NA
primeiramelhora,32,10,7,0.065,1142,161,NA
primeiramelhora,32,10,8,0.037,562,191,NA
primeiramelhora,32,10,9,0.030,477,164,NA
primeiramelhora,32,10,10,0.049,748,169,NA
primeiramelhora,100,10,1,0.104,1858,590,NA
primeiramelhora,100,10,2,0.074,1356,609,NA
primeiramelhora,100,10,3,0.197,3769,471,NA
primeiramelhora,100,10,4,0.159,2770,484,NA
primeiramelhora,100,10,5,0.101,1901,593,NA
primeiramelhora,100,10,6,0.117,2263,582,NA
primeiramelhora,100,10,7,0.115,2028,502,NA
primeiramelhora,100,10,8,0.132,2452,504,NA
primeiramelhora,100,10,9,0.327,6224,464,NA
primeiramelhora,100,10,10,0.142,2557,478,NA
primeiramelhora,89,20,1,0.555,6235,292,NA
primeiramelhora,89,20,2,0.730,6604,314,NA
primeiramelhora,89,20,3,0.605,5331,288,NA
primeiramelhora,89,20,4,0.363,3912,328,NA
primeiramelhora,89,20,5,0.234,2693,440,NA
primeiramelhora,89,20,6,0.598,6543,250,NA
primeiramelhora,89,20,7,0.712,7945,278,NA
primeiramelhora,89,20,8,0.561,5869,301,NA
primeiramelhora,89,20,9,0.421,3557,285,NA
primeiramelhora,89,20,10,0.707,6451,266,NA
primeiramelhora,400,20,1,2.032,22022,1142,NA
primeiramelhora,400,20,2,0.884,10859,1340,NA
primeiramelhora,400,20,3,1.872,15574,1418,NA
primeiramelhora,400,20,4,1.938,21173,1201,NA
primeiramelhora,400,20,5,1.178,13768,1133,NA
primeiramelhora,400,20,6,1.006,12420,1299,NA
primeiramelhora,400,20,7,1.974,20538,1206,NA
primeiramelhora,400,20,8,2.389,28123,1224,NA
primeiramelhora,400,20,9,1.231,14276,1233,NA
primeiramelhora,400,20,10,0.983,11609,1339,NA
primeiramelhora,354,50,1,13.366,64665,547,NA
primeiramelhora,354,50,2,7.566,37689,634,NA
primeiramelhora,354,50,3,7.267,37203,579,NA
primeiramelhora,354,50,4,5.821,27602,655,NA
primeiramelhora,354,50,5,4.389,22944,535,NA
primeiramelhora,354,50,6,6.335,32640,579,NA
primeiramelhora,354,50,7,8.040,41297,590,NA
primeiramelhora,354,50,8,14.637,78425,528,NA
primeiramelhora,354,50,9,10.995,58669,582,NA
primeiramelhora,354,50,10,6.814,35491,604,NA
primeiramelhora,2500,50,1,67.456,362556,3089,NA
primeiramelhora,2500,50,2,37.302,202463,3072,NA
primeiramelhora,2500,50,3,29.547,153242,3007,NA
primeiramelhora,2500,50,4,40.105,192010,2995,NA
primeiramelhora,2500,50,5,42.859,219787,3106,NA
primeiramelhora,2500,50,6,39.334,210189,3022,NA
primeiramelhora,2500,50,7,76.496,412035,2971,NA
primeiramelhora,2500,50,8,55.667,295532,2992,NA
primeiramelhora,2500,50,9,32.975,174217,3102,NA
primeiramelhora,2500,50,10,50.625,274050,2991,NA
monotonarandomizada,32,10,1,0.230,1550,197,0.100
monotonarandomizada,32,10,2,0.232,1618,196,0.100
monotonarandomizada,32,10,3,0.171,1643,198,0.100
monotonarandomizada,32,10,4,0.289,2005,196,0.100
monotonarandomizada,32,10,5,0.196,1707,193,0.100
monotonarandomizada,32,10,6,0.184,1759,193,0.100
monotonarandomizada,32,10,7,0.208,1664,202,0.100
monotonarandomizada,32,10,8,0.288,2730,188,0.100
monotonarandomizada,32,10,9,0.252,2260,186,0.100
monotonarandomizada,32,10,10,0.117,1138,201,0.100
monotonarandomizada,32,10,1,0.263,1760,196,0.200
monotonarandomizada,32,10,2,0.154,1105,208,0.200
monotonarandomizada,32,10,3,0.167,1588,204,0.200
monotonarandomizada,32,10,4,0.148,1414,210,0.200
monotonarandomizada,32,10,5,0.128,1219,205,0.200
monotonarandomizada,32,10,6,0.108,1042,212,0.200
monotonarandomizada,32,10,7,0.123,1185,200,0.200
monotonarandomizada,32,10,8,0.166,1617,185,0.200
monotonarandomizada,32,10,9,0.153,1481,198,0.200
monotonarandomizada,32,10,10,0.231,2221,195,0.200
monotonarandomizada,32,10,1,0.126,1154,193,0.300
monotonarandomizada,32,10,2,0.168,1561,211,0.300
monotonarandomizada,32,10,3,0.259,2510,201,0.300
monotonarandomizada,32,10,4,0.169,1268,208,0.300
monotonarandomizada,32,10,5,0.164,1352,219,0.300
monotonarandomizada,32,10,6,0.166,1242,199,0.300
monotonarandomizada,32,10,7,0.224,2126,195,0.300
monotonarandomizada,32,10,8,0.226,2136,205,0.300
monotonarandomizada,32,10,9,0.144,1360,208,0.300
monotonarandomizada,32,10,10,0.183,1756,209,0.300
monotonarandomizada,32,10,1,0.200,1848,205,0.400
monotonarandomizada,32,10,2,0.355,3271,208,0.400
monotonarandomizada,32,10,3,0.212,1698,211,0.400
monotonarandomizada,32,10,4,0.138,1299,202,0.400
monotonarandomizada,32,10,5,0.112,1042,207,0.400
monotonarandomizada,32,10,6,0.199,1768,206,0.400
monotonarandomizada,32,10,7,0.221,2094,209,0.400
monotonarandomizada,32,10,8,0.157,1478,195,0.400
monotonarandomizada,32,10,9,0.147,1376,202,0.400
monotonarandomizada,32,10,10,0.250,2288,213,0.400
monotonarandomizada,32,10,1,0.185,1712,201,0.500
monotonarandomizada,32,10,2,0.257,2404,205,0.500
monotonarandomizada,32,10,3,0.252,2358,202,0.500
monotonarandomizada,32,10,4,0.198,1866,202,0.500
monotonarandomizada,32,10,5,0.368,3464,190,0.500
monotonarandomizada,32,10,6,0.192,1828,203,0.500
monotonarandomizada,32,10,7,0.226,2129,224,0.500
monotonarandomizada,32,10,8,0.121,1149,218,0.500
monotonarandomizada,32,10,9,0.196,1867,204,0.500
monotonarandomizada,32,10,10,0.140,1291,222,0.500
monotonarandomizada,32,10,1,0.251,2322,216,0.600
monotonarandomizada,32,10,2,0.301,2825,207,0.600
monotonarandomizada,32,10,3,0.129,1216,226,0.600
monotonarandomizada,32,10,4,0.222,2075,209,0.600
monotonarandomizada,32,10,5,0.323,3050,192,0.600
monotonarandomizada,32,10,6,0.115,1089,195,0.600
monotonarandomizada,32,10,7,0.151,1412,197,0.600
monotonarandomizada,32,10,8,0.172,1639,207,0.600
monotonarandomizada,32,10,9,0.186,1766,197,0.600
monotonarandomizada,32,10,10,0.114,1096,207,0.600
monotonarandomizada,32,10,1,0.200,1891,214,0.700
monotonarandomizada,32,10,2,0.207,1966,204,0.700
monotonarandomizada,32,10,3,0.140,1326,193,0.700
monotonarandomizada,32,10,4,0.233,2201,214,0.700
monotonarandomizada,32,10,5,0.278,2701,211,0.700
monotonarandomizada,32,10,6,0.172,1656,213,0.700
monotonarandomizada,32,10,7,0.123,1197,204,0.700
monotonarandomizada,32,10,8,0.213,2009,216,0.700
monotonarandomizada,32,10,9,0.178,1691,220,0.700
monotonarandomizada,32,10,10,0.179,1435,235,0.700
monotonarandomizada,32,10,1,0.128,1245,218,0.800
monotonarandomizada,32,10,2,0.291,2819,221,0.800
monotonarandomizada,32,10,3,0.226,2208,217,0.800
monotonarandomizada,32,10,4,0.124,1011,207,0.800
monotonarandomizada,32,10,5,0.139,1355,217,0.800
monotonarandomizada,32,10,6,0.224,1817,217,0.800
monotonarandomizada,32,10,7,0.109,1032,226,0.800
monotonarandomizada,32,10,8,0.260,2531,215,0.800
monotonarandomizada,32,10,9,0.130,1263,208,0.800
monotonarandomizada,32,10,10,0.409,3399,202,0.800
monotonarandomizada,32,10,1,0.219,2047,224,0.900
monotonarandomizada,32,10,2,0.177,1347,220,0.900
monotonarandomizada,32,10,3,0.234,2169,208,0.900
monotonarandomizada,32,10,4,0.123,1011,225,0.900
monotonarandomizada,32,10,5,0.268,2652,212,0.900
monotonarandomizada,32,10,6,0.233,1905,207,0.900
monotonarandomizada,32,10,7,0.237,2329,206,0.900
monotonarandomizada,32,10,8,0.165,1504,216,0.900
monotonarandomizada,32,10,9,0.123,1093,222,0.900
monotonarandomizada,32,10,10,0.198,1870,227,0.900
monotonarandomizada,100,10,1,0.140,1296,537,0.100
monotonarandomizada,100,10,2,0.173,1439,533,0.100
monotonarandomizada,100,10,3,0.203,1616,546,0.100
monotonarandomizada,100,10,4,0.265,2556,541,0.100
monotonarandomizada,100,10,5,0.123,1166,530,0.100
monotonarandomizada,100,10,6,0.165,1584,532,0.100
monotonarandomizada,100,10,7,0.194,1825,536,0.100
monotonarandomizada,100,10,8,0.229,2259,524,0.100
monotonarandomizada,100,10,9,0.166,1567,522,0.100
monotonarandomizada,100,10,10,0.238,2381,532,0.100
monotonarandomizada,100,10,1,0.218,2069,559,0.200
monotonarandomizada,100,10,2,0.255,2473,542,0.200
monotonarandomizada,100,10,3,0.185,1408,559,0.200
monotonarandomizada,100,10,4,0.189,1413,534,0.200
monotonarandomizada,100,10,5,0.184,1783,545,0.200
monotonarandomizada,100,10,6,0.173,1321,542,0.200
monotonarandomizada,100,10,7,0.187,1803,563,0.200
monotonarandomizada,100,10,8,0.267,1963,534,0.200
monotonarandomizada,100,10,9,0.147,1266,539,0.200
monotonarandomizada,100,10,10,0.320,3111,541,0.200
monotonarandomizada,100,10,1,0.114,1028,586,0.300
monotonarandomizada,100,10,2,0.215,1743,568,0.300
monotonarandomizada,100,10,3,0.151,1409,560,0.300
monotonarandomizada,100,10,4,0.331,3129,552,0.300
monotonarandomizada,100,10,5,0.129,1193,564,0.300
monotonarandomizada,100,10,6,0.311,2618,546,0.300
monotonarandomizada,100,10,7,0.143,1041,541,0.300
monotonarandomizada,100,10,8,0.283,2100,573,0.300
monotonarandomizada,100,10,9,0.165,1528,556,0.300
monotonarandomizada,100,10,10,0.137,1329,590,0.300
monotonarandomizada,100,10,1,0.164,1518,580,0.400
monotonarandomizada,100,10,2,0.261,2485,570,0.400
monotonarandomizada,100,10,3,0.200,1526,554,0.400
monotonarandomizada,100,10,4,0.114,1059,552,0.400
monotonarandomizada,100,10,5,0.157,1083,576,0.400
monotonarandomizada,100,10,6,0.141,1288,542,0.400
monotonarandomizada,100,10,7,0.400,3801,549,0.400
monotonarandomizada,100,10,8,0.283,2677,565,0.400
monotonarandomizada,100,10,9,0.202,1929,573,0.400
monotonarandomizada,100,10,10,0.204,1972,548,0.400
monotonarandomizada,100,10,1,0.208,1904,536,0.500
monotonarandomizada,100,10,2,0.162,1484,579,0.500
monotonarandomizada,100,10,3,0.380,3649,574,0.500
monotonarandomizada,100,10,4,0.307,2264,591,0.500
monotonarandomizada,100,10,5,0.228,2166,582,0.500
monotonarandomizada,100,10,6,0.167,1595,582,0.500
monotonarandomizada,100,10,7,0.165,1533,567,0.500
monotonarandomizada,100,10,8,0.159,1467,550,0.500
monotonarandomizada,100,10,9,0.148,1228,554,0.500
monotonarandomizada,100,10,10,0.367,3303,563,0.500
monotonarandomizada,100,10,1,0.163,1517,579,0.600
monotonarandomizada,100,10,2,0.193,1804,549,0.600
monotonarandomizada,100,10,3,0.133,1213,610,0.600
monotonarandomizada,100,10,4,0.323,3019,574,0.600
monotonarandomizada,100,10,5,0.333,3090,580,0.600
monotonarandomizada,100,10,6,0.113,1074,591,0.600
monotonarandomizada,100,10,7,0.279,2636,591,0.600
monotonarandomizada,100,10,8,0.220,2120,567,0.600
monotonarandomizada,100,10,9,0.113,1071,586,0.600
monotonarandomizada,100,10,10,0.170,1571,593,0.600
monotonarandomizada,100,10,1,0.116,1094,582,0.700
monotonarandomizada,100,10,2,0.238,2295,567,0.700
monotonarandomizada,100,10,3,0.352,2364,557,0.700
monotonarandomizada,100,10,4,0.148,1429,591,0.700
monotonarandomizada,100,10,5,0.286,2744,579,0.700
monotonarandomizada,100,10,6,0.379,2890,559,0.700
monotonarandomizada,100,10,7,0.186,1442,601,0.700
monotonarandomizada,100,10,8,0.160,1230,585,0.700
monotonarandomizada,100,10,9,0.136,1305,579,0.700
monotonarandomizada,100,10,10,0.290,2843,572,0.700
monotonarandomizada,100,10,1,0.167,1310,589,0.800
monotonarandomizada,100,10,2,0.337,1751,600,0.800
monotonarandomizada,100,10,3,0.110,1067,584,0.800
monotonarandomizada,100,10,4,0.196,1957,558,0.800
monotonarandomizada,100,10,5,0.204,1976,604,0.800
monotonarandomizada,100,10,6,0.129,1229,601,0.800
monotonarandomizada,100,10,7,0.243,2121,608,0.800
monotonarandomizada,100,10,8,0.216,1813,592,0.800
monotonarandomizada,100,10,9,0.130,1152,594,0.800
monotonarandomizada,100,10,10,0.176,1267,600,0.800
monotonarandomizada,100,10,1,0.204,1749,595,0.900
monotonarandomizada,100,10,2,0.302,2613,579,0.900
monotonarandomizada,100,10,3,0.199,1527,562,0.900
monotonarandomizada,100,10,4,0.627,3724,571,0.900
monotonarandomizada,100,10,5,0.304,2691,598,0.900
monotonarandomizada,100,10,6,0.170,1671,577,0.900
monotonarandomizada,100,10,7,0.159,1397,591,0.900
monotonarandomizada,100,10,8,0.184,1781,585,0.900
monotonarandomizada,100,10,9,0.261,2560,588,0.900
monotonarandomizada,100,10,10,0.269,2763,591,0.900
monotonarandomizada,89,20,1,0.234,1642,301,0.100
monotonarandomizada,89,20,2,0.307,2167,293,0.100
monotonarandomizada,89,20,3,0.599,4087,292,0.100
monotonarandomizada,89,20,4,0.173,1217,300,0.100
monotonarandomizada,89,20,5,0.175,1232,285,0.100
monotonarandomizada,89,20,6,0.170,1232,313,0.100
monotonarandomizada,89,20,7,0.273,1974,292,0.100
monotonarandomizada,89,20,8,0.262,1895,295,0.100
monotonarandomizada,89,20,9,0.328,2342,287,0.100
monotonarandomizada,89,20,10,0.409,2884,287,0.100
monotonarandomizada,89,20,1,0.181,1203,319,0.200
monotonarandomizada,89,20,2,0.358,2578,307,0.200
monotonarandomizada,89,20,3,0.425,2426,285,0.200
monotonarandomizada,89,20,4,0.269,1925,310,0.200
monotonarandomizada,89,20,5,0.394,2827,303,0.200
monotonarandomizada,89,20,6,0.259,1863,301,0.200
monotonarandomizada,89,20,7,0.365,2617,316,0.200
monotonarandomizada,89,20,8,0.175,1242,300,0.200
monotonarandomizada,89,20,9,0.344,2452,303,0.200
monotonarandomizada,89,20,10,0.236,1691,322,0.200
monotonarandomizada,89,20,1,0.159,1106,298,0.300
monotonarandomizada,89,20,2,0.212,1490,308,0.300
monotonarandomizada,89,20,3,0.333,2332,332,0.300
monotonarandomizada,89,20,4,0.443,3041,306,0.300
monotonarandomizada,89,20,5,0.166,1133,301,0.300
monotonarandomizada,89,20,6,0.292,2039,314,0.300
monotonarandomizada,89,20,7,0.174,1193,333,0.300
monotonarandomizada,89,20,8,0.190,1372,332,0.300
monotonarandomizada,89,20,9,0.183,1271,323,0.300
monotonarandomizada,89,20,10,0.236,1700,313,0.300
monotonarandomizada,89,20,1,0.223,1526,345,0.400
monotonarandomizada,89,20,2,0.155,1080,322,0.400
monotonarandomizada,89,20,3,0.258,1731,319,0.400
monotonarandomizada,89,20,4,0.253,1745,335,0.400
monotonarandomizada,89,20,5,0.189,1323,322,0.400
monotonarandomizada,89,20,6,0.171,1164,341,0.400
monotonarandomizada,89,20,7,0.345,2350,328,0.400
monotonarandomizada,89,20,8,0.160,1126,303,0.400
monotonarandomizada,89,20,9,0.378,2666,310,0.400
monotonarandomizada,89,20,10,0.329,1523,340,0.400
monotonarandomizada,89,20,1,0.244,1533,332,0.500
monotonarandomizada,89,20,2,0.403,2305,327,0.500
monotonarandomizada,89,20,3,0.203,1131,322,0.500
monotonarandomizada,89,20,4,0.197,1418,340,0.500
monotonarandomizada,89,20,5,0.350,2330,337,0.500
monotonarandomizada,89,20,6,0.175,1051,336,0.500
monotonarandomizada,89,20,7,0.190,1269,325,0.500
monotonarandomizada,89,20,8,0.252,1354,302,0.500
monotonarandomizada,89,20,9,0.228,1254,341,0.500
monotonarandomizada,89,20,10,0.221,1264,334,0.500
monotonarandomizada,89,20,1,0.272,1883,317,0.600
monotonarandomizada,89,20,2,0.350,1480,320,0.600
monotonarandomizada,89,20,3,0.200,1091,336,0.600
monotonarandomizada,89,20,4,0.164,1141,331,0.600
monotonarandomizada,89,20,5,0.379,2377,334,0.600
monotonarandomizada,89,20,6,0.721,4737,313,0.600
monotonarandomizada,89,20,7,0.274,1925,327,0.600
monotonarandomizada,89,20,8,0.465,2665,315,0.600
monotonarandomizada,89,20,9,0.252,1704,320,0.600
monotonarandomizada,89,20,10,0.292,2067,344,0.600
monotonarandomizada,89,20,1,0.173,1247,346,0.700
monotonarandomizada,89,20,2,0.305,1926,318,0.700
monotonarandomizada,89,20,3,0.194,1338,335,0.700
monotonarandomizada,89,20,4,0.182,1268,339,0.700
monotonarandomizada,89,20,5,0.186,1033,354,0.700
monotonarandomizada,89,20,6,0.293,2085,347,0.700
monotonarandomizada,89,20,7,0.154,1116,385,0.700
monotonarandomizada,89,20,8,0.159,1111,334,0.700
monotonarandomizada,89,20,9,0.169,1166,332,0.700
monotonarandomizada,89,20,10,0.293,2075,353,0.700
monotonarandomizada,89,20,1,0.239,1721,347,0.800
monotonarandomizada,89,20,2,0.288,2094,324,0.800
monotonarandomizada,89,20,3,0.195,1093,327,0.800
monotonarandomizada,89,20,4,0.160,1155,332,0.800
monotonarandomizada,89,20,5,0.398,2827,337,0.800
monotonarandomizada,89,20,6,0.357,2072,339,0.800
monotonarandomizada,89,20,7,0.166,1179,337,0.800
monotonarandomizada,89,20,8,0.162,1155,334,0.800
monotonarandomizada,89,20,9,0.221,1373,322,0.800
monotonarandomizada,89,20,10,0.172,1220,338,0.800
monotonarandomizada,89,20,1,0.144,1080,345,0.900
monotonarandomizada,89,20,2,0.179,1308,360,0.900
monotonarandomizada,89,20,3,0.382,2753,338,0.900
monotonarandomizada,89,20,4,0.185,1345,335,0.900
monotonarandomizada,89,20,5,0.419,3073,321,0.900
monotonarandomizada,89,20,6,0.165,1242,334,0.900
monotonarandomizada,89,20,7,0.349,2547,353,0.900
monotonarandomizada,89,20,8,0.159,1158,329,0.900
monotonarandomizada,89,20,9,0.254,1481,328,0.900
monotonarandomizada,89,20,10,0.164,1221,329,0.900
monotonarandomizada,400,20,1,0.330,2256,1098,0.100
monotonarandomizada,400,20,2,0.372,2066,1094,0.100
monotonarandomizada,400,20,3,0.282,1693,1079,0.100
monotonarandomizada,400,20,4,0.318,1847,1112,0.100
monotonarandomizada,400,20,5,0.289,1712,1063,0.100
monotonarandomizada,400,20,6,0.348,2433,1080,0.100
monotonarandomizada,400,20,7,0.259,1631,1105,0.100
monotonarandomizada,400,20,8,0.270,1951,1104,0.100
monotonarandomizada,400,20,9,0.284,1994,1091,0.100
monotonarandomizada,400,20,10,0.366,2628,1095,0.100
monotonarandomizada,400,20,1,0.426,3042,1114,0.200
monotonarandomizada,400,20,2,0.275,1538,1143,0.200
monotonarandomizada,400,20,3,0.237,1370,1114,0.200
monotonarandomizada,400,20,4,0.295,1701,1153,0.200
monotonarandomizada,400,20,5,0.415,1822,1118,0.200
monotonarandomizada,400,20,6,0.359,2016,1139,0.200
monotonarandomizada,400,20,7,0.338,1988,1127,0.200
monotonarandomizada,400,20,8,0.257,1847,1106,0.200
monotonarandomizada,400,20,9,0.222,1279,1144,0.200
monotonarandomizada,400,20,10,0.201,1328,1130,0.200
monotonarandomizada,400,20,1,0.428,2511,1168,0.300
monotonarandomizada,400,20,2,0.342,2385,1161,0.300
monotonarandomizada,400,20,3,0.294,1476,1127,0.300
monotonarandomizada,400,20,4,0.182,1274,1191,0.300
monotonarandomizada,400,20,5,0.237,1586,1117,0.300
monotonarandomizada,400,20,6,0.424,2378,1155,0.300
monotonarandomizada,400,20,7,0.171,1196,1166,0.300
monotonarandomizada,400,20,8,0.329,2280,1157,0.300
monotonarandomizada,400,20,9,0.280,1566,1177,0.300
monotonarandomizada,400,20,10,0.173,1065,1194,0.300
monotonarandomizada,400,20,1,0.246,1718,1192,0.400
monotonarandomizada,400,20,2,0.206,1401,1160,0.400
monotonarandomizada,400,20,3,0.290,2015,1183,0.400
monotonarandomizada,400,20,4,0.330,2251,1158,0.400
monotonarandomizada,400,20,5,0.249,1693,1145,0.400
monotonarandomizada,400,20,6,0.278,1894,1162,0.400
monotonarandomizada,400,20,7,0.345,2024,1180,0.400
monotonarandomizada,400,20,8,0.176,1241,1263,0.400
monotonarandomizada,400,20,9,0.177,1159,1179,0.400
monotonarandomizada,400,20,10,0.205,1425,1218,0.400
monotonarandomizada,400,20,1,0.172,1166,1165,0.500
monotonarandomizada,400,20,2,0.315,2163,1169,0.500
monotonarandomizada,400,20,3,0.203,1381,1180,0.500
monotonarandomizada,400,20,4,0.217,1494,1193,0.500
monotonarandomizada,400,20,5,0.371,2111,1182,0.500
monotonarandomizada,400,20,6,0.250,1399,1144,0.500
monotonarandomizada,400,20,7,0.190,1264,1131,0.500
monotonarandomizada,400,20,8,0.273,1875,1188,0.500
monotonarandomizada,400,20,9,0.367,2574,1174,0.500
monotonarandomizada,400,20,10,0.340,2417,1171,0.500
monotonarandomizada,400,20,1,0.317,2220,1164,0.600
monotonarandomizada,400,20,2,0.254,1836,1217,0.600
monotonarandomizada,400,20,3,0.212,1473,1106,0.600
monotonarandomizada,400,20,4,0.183,1143,1185,0.600
monotonarandomizada,400,20,5,0.281,1927,1221,0.600
monotonarandomizada,400,20,6,0.264,1854,1206,0.600
monotonarandomizada,400,20,7,0.186,1299,1194,0.600
monotonarandomizada,400,20,8,0.214,1481,1228,0.600
monotonarandomizada,400,20,9,0.301,1983,1190,0.600
monotonarandomizada,400,20,10,0.366,2626,1201,0.600
monotonarandomizada,400,20,1,0.213,1363,1269,0.700
monotonarandomizada,400,20,2,0.317,2132,1160,0.700
monotonarandomizada,400,20,3,0.219,1379,1304,0.700
monotonarandomizada,400,20,4,0.217,1362,1191,0.700
monotonarandomizada,400,20,5,0.215,1481,1215,0.700
monotonarandomizada,400,20,6,0.228,1603,1209,0.700
monotonarandomizada,400,20,7,0.214,1550,1185,0.700
monotonarandomizada,400,20,8,0.291,2098,1221,0.700
monotonarandomizada,400,20,9,0.157,1066,1244,0.700
monotonarandomizada,400,20,10,0.328,2287,1226,0.700
monotonarandomizada,400,20,1,0.251,1610,1210,0.800
monotonarandomizada,400,20,2,0.188,1312,1250,0.800
monotonarandomizada,400,20,3,0.204,1441,1241,0.800
monotonarandomizada,400,20,4,0.196,1361,1269,0.800
monotonarandomizada,400,20,5,0.510,2925,1167,0.800
monotonarandomizada,400,20,6,0.283,1808,1219,0.800
monotonarandomizada,400,20,7,0.664,4603,1188,0.800
monotonarandomizada,400,20,8,0.321,2338,1254,0.800
monotonarandomizada,400,20,9,0.377,2148,1229,0.800
monotonarandomizada,400,20,10,0.280,1733,1287,0.800
monotonarandomizada,400,20,1,0.273,1994,1215,0.900
monotonarandomizada,400,20,2,0.286,2100,1258,0.900
monotonarandomizada,400,20,3,0.332,2465,1234,0.900
monotonarandomizada,400,20,4,0.179,1056,1244,0.900
monotonarandomizada,400,20,5,0.242,1648,1227,0.900
monotonarandomizada,400,20,6,0.184,1000,1330,0.900
monotonarandomizada,400,20,7,0.287,1725,1233,0.900
monotonarandomizada,400,20,8,0.280,1582,1234,0.900
monotonarandomizada,400,20,9,0.144,1018,1303,0.900
monotonarandomizada,400,20,10,0.207,1102,1186,0.900
monotonarandomizada,354,50,1,0.571,2344,479,0.100
monotonarandomizada,354,50,2,0.614,2571,506,0.100
monotonarandomizada,354,50,3,0.658,2506,480,0.100
monotonarandomizada,354,50,4,0.371,1561,512,0.100
monotonarandomizada,354,50,5,0.332,1428,518,0.100
monotonarandomizada,354,50,6,0.367,1577,490,0.100
monotonarandomizada,354,50,7,0.660,2669,500,0.100
monotonarandomizada,354,50,8,0.470,1957,495,0.100
monotonarandomizada,354,50,9,0.644,2759,457,0.100
monotonarandomizada,354,50,10,0.584,2470,498,0.100
monotonarandomizada,354,50,1,1.075,3991,492,0.200
monotonarandomizada,354,50,2,1.146,4236,495,0.200
monotonarandomizada,354,50,3,0.353,1403,502,0.200
monotonarandomizada,354,50,4,0.479,1994,501,0.200
monotonarandomizada,354,50,5,0.360,1523,515,0.200
monotonarandomizada,354,50,6,0.544,2290,493,0.200
monotonarandomizada,354,50,7,0.396,1657,508,0.200
monotonarandomizada,354,50,8,0.388,1643,482,0.200
monotonarandomizada,354,50,9,0.333,1256,562,0.200
monotonarandomizada,354,50,10,1.012,3201,510,0.200
monotonarandomizada,354,50,1,0.301,1215,535,0.300
monotonarandomizada,354,50,2,0.382,1485,551,0.300
monotonarandomizada,354,50,3,0.457,1827,546,0.300
monotonarandomizada,354,50,4,0.385,1560,528,0.300
monotonarandomizada,354,50,5,0.560,2364,541,0.300
monotonarandomizada,354,50,6,0.632,2503,521,0.300
monotonarandomizada,354,50,7,0.322,1313,598,0.300
monotonarandomizada,354,50,8,0.534,2240,501,0.300
monotonarandomizada,354,50,9,0.404,1430,526,0.300
monotonarandomizada,354,50,10,0.848,2786,510,0.300
monotonarandomizada,354,50,1,0.327,1259,547,0.400
monotonarandomizada,354,50,2,0.421,1716,573,0.400
monotonarandomizada,354,50,3,0.383,1600,557,0.400
monotonarandomizada,354,50,4,0.370,1464,572,0.400
monotonarandomizada,354,50,5,0.273,1065,589,0.400
monotonarandomizada,354,50,6,0.559,1797,536,0.400
monotonarandomizada,354,50,7,0.734,2350,512,0.400
monotonarandomizada,354,50,8,0.596,2020,527,0.400
monotonarandomizada,354,50,9,0.332,1273,532,0.400
monotonarandomizada,354,50,10,0.378,1525,527,0.400
monotonarandomizada,354,50,1,0.484,1887,542,0.500
monotonarandomizada,354,50,2,0.661,2731,518,0.500
monotonarandomizada,354,50,3,0.364,1414,572,0.500
monotonarandomizada,354,50,4,0.724,2417,532,0.500
monotonarandomizada,354,50,5,0.493,2043,535,0.500
monotonarandomizada,354,50,6,0.463,1933,559,0.500
monotonarandomizada,354,50,7,0.470,1915,514,0.500
monotonarandomizada,354,50,8,0.625,2659,541,0.500
monotonarandomizada,354,50,9,0.866,2705,528,0.500
monotonarandomizada,354,50,10,0.364,1355,568,0.500
monotonarandomizada,354,50,1,0.290,1170,544,0.600
monotonarandomizada,354,50,2,0.817,3400,535,0.600
monotonarandomizada,354,50,3,0.566,1644,576,0.600
monotonarandomizada,354,50,4,0.794,2562,549,0.600
monotonarandomizada,354,50,5,0.618,2093,550,0.600
monotonarandomizada,354,50,6,0.555,2032,498,0.600
monotonarandomizada,354,50,7,0.257,1041,576,0.600
monotonarandomizada,354,50,8,0.375,1423,568,0.600
monotonarandomizada,354,50,9,0.566,1854,563,0.600
monotonarandomizada,354,50,10,0.684,2577,525,0.600
monotonarandomizada,354,50,1,0.306,1263,616,0.700
monotonarandomizada,354,50,2,0.243,1000,578,0.700
monotonarandomizada,354,50,3,0.334,1290,561,0.700
monotonarandomizada,354,50,4,0.725,2372,528,0.700
monotonarandomizada,354,50,5,0.857,3436,571,0.700
monotonarandomizada,354,50,6,0.739,2754,544,0.700
monotonarandomizada,354,50,7,0.324,1281,561,0.700
monotonarandomizada,354,50,8,0.434,1534,560,0.700
monotonarandomizada,354,50,9,0.503,2080,550,0.700
monotonarandomizada,354,50,10,0.325,1338,546,0.700
monotonarandomizada,354,50,1,0.403,1628,563,0.800
monotonarandomizada,354,50,2,0.484,1682,558,0.800
monotonarandomizada,354,50,3,0.674,2737,569,0.800
monotonarandomizada,354,50,4,0.250,1026,556,0.800
monotonarandomizada,354,50,5,0.622,2138,559,0.800
monotonarandomizada,354,50,6,0.248,1000,544,0.800
monotonarandomizada,354,50,7,0.347,1230,557,0.800
monotonarandomizada,354,50,8,0.696,2906,547,0.800
monotonarandomizada,354,50,9,0.395,1509,598,0.800
monotonarandomizada,354,50,10,0.544,2290,579,0.800
monotonarandomizada,354,50,1,0.578,2363,624,0.900
monotonarandomizada,354,50,2,0.332,1375,639,0.900
monotonarandomizada,354,50,3,0.530,2155,616,0.900
monotonarandomizada,354,50,4,0.546,1905,600,0.900
monotonarandomizada,354,50,5,0.404,1590,562,0.900
monotonarandomizada,354,50,6,0.398,1494,594,0.900
monotonarandomizada,354,50,7,0.599,2312,518,0.900
monotonarandomizada,354,50,8,0.413,1503,579,0.900
monotonarandomizada,354,50,9,0.721,2256,566,0.900
monotonarandomizada,354,50,10,0.342,1454,556,0.900
monotonarandomizada,2500,50,1,0.840,3401,2900,0.100
monotonarandomizada,2500,50,2,1.115,4640,2833,0.100
monotonarandomizada,2500,50,3,0.360,1428,3066,0.100
monotonarandomizada,2500,50,4,1.195,4875,2771,0.100
monotonarandomizada,2500,50,5,0.723,2837,2816,0.100
monotonarandomizada,2500,50,6,0.975,4114,2817,0.100
monotonarandomizada,2500,50,7,1.363,4696,2719,0.100
monotonarandomizada,2500,50,8,0.571,2278,2813,0.100
monotonarandomizada,2500,50,9,0.571,2301,2794,0.100
monotonarandomizada,2500,50,10,1.372,5495,2765,0.100
monotonarandomizada,2500,50,1,0.763,2520,2890,0.200
monotonarandomizada,2500,50,2,1.014,3354,2876,0.200
monotonarandomizada,2500,50,3,0.598,2031,3011,0.200
monotonarandomizada,2500,50,4,1.128,3984,2898,0.200
monotonarandomizada,2500,50,5,0.627,2315,2992,0.200
monotonarandomizada,2500,50,6,0.880,3425,2866,0.200
monotonarandomizada,2500,50,7,0.665,2650,2997,0.200
monotonarandomizada,2500,50,8,0.887,3698,2870,0.200
monotonarandomizada,2500,50,9,0.999,4128,2875,0.200
monotonarandomizada,2500,50,10,0.733,3000,2823,0.200
monotonarandomizada,2500,50,1,0.732,2933,3006,0.300
monotonarandomizada,2500,50,2,0.577,2239,3054,0.300
monotonarandomizada,2500,50,3,0.615,2077,2971,0.300
monotonarandomizada,2500,50,4,0.386,1543,3060,0.300
monotonarandomizada,2500,50,5,0.430,1700,3079,0.300
monotonarandomizada,2500,50,6,0.874,3524,2869,0.300
monotonarandomizada,2500,50,7,0.641,2534,2945,0.300
monotonarandomizada,2500,50,8,0.358,1357,3142,0.300
monotonarandomizada,2500,50,9,0.630,2485,3020,0.300
monotonarandomizada,2500,50,10,0.742,3054,2919,0.300
monotonarandomizada,2500,50,1,0.577,2111,2955,0.400
monotonarandomizada,2500,50,2,0.376,1285,3170,0.400
monotonarandomizada,2500,50,3,0.413,1459,3143,0.400
monotonarandomizada,2500,50,4,0.702,2780,2956,0.400
monotonarandomizada,2500,50,5,0.741,2961,3065,0.400
monotonarandomizada,2500,50,6,0.613,2463,2938,0.400
monotonarandomizada,2500,50,7,0.752,2467,3027,0.400
monotonarandomizada,2500,50,8,0.791,2838,2861,0.400
monotonarandomizada,2500,50,9,1.164,3857,2872,0.400
monotonarandomizada,2500,50,10,0.734,2795,2873,0.400
monotonarandomizada,2500,50,1,0.830,2788,3040,0.500
monotonarandomizada,2500,50,2,1.049,3580,2969,0.500
monotonarandomizada,2500,50,3,0.542,2039,3036,0.500
monotonarandomizada,2500,50,4,0.561,1613,3175,0.500
monotonarandomizada,2500,50,5,0.835,3340,2901,0.500
monotonarandomizada,2500,50,6,0.448,1739,3121,0.500
monotonarandomizada,2500,50,7,0.502,2000,2913,0.500
monotonarandomizada,2500,50,8,0.681,2669,2937,0.500
monotonarandomizada,2500,50,9,0.984,3850,2992,0.500
monotonarandomizada,2500,50,10,0.706,2840,2949,0.500
monotonarandomizada,2500,50,1,0.514,1978,3233,0.600
monotonarandomizada,2500,50,2,0.432,1242,3307,0.600
monotonarandomizada,2500,50,3,0.382,1138,3021,0.600
monotonarandomizada,2500,50,4,0.858,2522,3044,0.600
monotonarandomizada,2500,50,5,0.316,1251,3323,0.600
monotonarandomizada,2500,50,6,0.654,2631,3069,0.600
monotonarandomizada,2500,50,7,0.476,1891,2945,0.600
monotonarandomizada,2500,50,8,0.518,2028,3079,0.600
monotonarandomizada,2500,50,9,1.084,3585,2993,0.600
monotonarandomizada,2500,50,10,0.593,2081,3035,0.600
monotonarandomizada,2500,50,1,0.466,1411,2995,0.700
monotonarandomizada,2500,50,2,0.760,2796,3224,0.700
monotonarandomizada,2500,50,3,0.749,2970,3038,0.700
monotonarandomizada,2500,50,4,0.594,1892,3056,0.700
monotonarandomizada,2500,50,5,0.371,1455,3350,0.700
monotonarandomizada,2500,50,6,0.549,2157,3111,0.700
monotonarandomizada,2500,50,7,0.738,3012,3069,0.700
monotonarandomizada,2500,50,8,0.929,3652,3043,0.700
monotonarandomizada,2500,50,9,0.398,1224,3323,0.700
monotonarandomizada,2500,50,10,0.809,2693,3087,0.700
monotonarandomizada,2500,50,1,0.487,1879,3061,0.800
monotonarandomizada,2500,50,2,0.745,2675,3042,0.800
monotonarandomizada,2500,50,3,0.286,1003,3587,0.800
monotonarandomizada,2500,50,4,0.401,1042,3032,0.800
monotonarandomizada,2500,50,5,0.732,2375,3251,0.800
monotonarandomizada,2500,50,6,0.720,3000,2977,0.800
monotonarandomizada,2500,50,7,0.396,1571,3259,0.800
monotonarandomizada,2500,50,8,0.271,1000,3295,0.800
monotonarandomizada,2500,50,9,0.529,1486,3297,0.800
monotonarandomizada,2500,50,10,0.420,1678,3023,0.800
monotonarandomizada,2500,50,1,0.542,2175,3167,0.900
monotonarandomizada,2500,50,2,0.296,1135,3242,0.900
monotonarandomizada,2500,50,3,0.359,1428,3222,0.900
monotonarandomizada,2500,50,4,0.445,1823,3106,0.900
monotonarandomizada,2500,50,5,0.328,1239,3126,0.900
monotonarandomizada,2500,50,6,0.448,1811,3256,0.900
monotonarandomizada,2500,50,7,0.329,1229,3190,0.900
monotonarandomizada,2500,50,8,0.768,3103,3270,0.900
monotonarandomizada,2500,50,9,0.641,2176,3271,0.900
monotonarandomizada,2500,50,10,0.998,3926,3075,0.900
